seed,case,mode,sha256,outcome
1,423,flip,1b939776fe7559dcde5d34dc4ce281af287a29348fbcaaa65083ee825ed8e606,ESCAPED builtins.TypeError
1,435,flip,aa9f8fa3cd67b130620d47a30a35815876ab1cdb62b61e831787a11fc2fb209c,ESCAPED builtins.TypeError
1,660,flip,de10fb69237fdf6270b11cd5883a3b9ce997f2fbd46a8f9f521d857f09f1662a,ESCAPED builtins.TypeError
1,843,flip,69c491245dfb9f419118c17c53697596f25fee24857a6443caef4be300640fd2,ESCAPED builtins.TypeError
1,900,flip,84a4c567dcecec28c0fd43c6ffad5d9e97112faa21a992c0e6363d54ddffde53,ESCAPED builtins.TypeError
1,1065,flip,eb900b9788247c1b308b1e439bce56f3e5a859a068e09b395030f68608e707ff,ESCAPED builtins.TypeError
1,1212,flip,a46646ff571ad5052079fb7657156491a6c04ee24088e8121b43ff4748bed3ca,ESCAPED builtins.TypeError
1,1542,flip,cecd35dbb44f5b6f5a274aeac169412e4df28a6c8aa37525ead4aa8bfe453d27,ESCAPED builtins.TypeError
1,1596,flip,80780632aad56951249e3e48ce7aa8c586c9326d2e17e8716c9773328966d310,ESCAPED builtins.TypeError
1,1626,flip,11beabffd3cee04f3c384e2ccbcd5ddf657a15999ee2557f11518f3642c07b21,ESCAPED builtins.TypeError
1,1733,splice,996bc3d8bbd559e140ca60cf379d9c04dd1586d4a5d0b77d4f2fc70f66f69a61,ESCAPED builtins.TypeError
1,1752,flip,37a6a5b63f7d687bd822f05b87cd067d46bf3eafce18f0a1c6bc9de7db3cfac9,ESCAPED builtins.TypeError
1,1806,flip,ba645ee8d0af78dfa94a01bfd4ef1cd6b7b86f20ade85988a06d8fd112536f8c,ESCAPED builtins.TypeError
1,1851,flip,da4f0a0cb958b1a78adc1fc98e592dc9005594ce460a547cb342210a4dd64204,ESCAPED builtins.TypeError
1,2061,flip,baf946e0e8b881b768b2aa0d52c352b214de46baf45a014a8a0cdcfba0b37879,ESCAPED builtins.TypeError
1,2274,flip,d9d73d4a56d4d86553649e893542ed87d140fcd18b154e1907c1ee813779fa95,ESCAPED builtins.TypeError
1,2694,flip,90e3c284b9ed8b07516de16a7adde1968e275bace68233167ac8206462f76bef,ESCAPED builtins.TypeError
1,2933,splice,0fc31a7ce456725c501ecf629964d3d3a306309aa0e51070dbfa9f68e050ba73,ESCAPED builtins.TypeError
1,2952,flip,6aa55e368a6b4350b55bb72be7685165544dae7c5470491d3cdbd965cdc1b40e,ESCAPED builtins.TypeError
7,57,flip,741b7434fc4c69cc90c6caad97a12c7238e392d288088c89bf4a528d0c14847d,ESCAPED builtins.TypeError
7,429,flip,9507d58f075f38811832ed0d92c0869451c98b1b2759af463f8f528828bbbaef,ESCAPED builtins.TypeError
7,633,flip,dd9ce214d61151b8b89927a2400ca36219b486df68b87ba8a051d48643ac6d75,ESCAPED builtins.TypeError
7,774,flip,fdaabda62497a2d15f24088482ede49c333c32c34fb9f1caaa4fd75f8d5d9eaa,ESCAPED builtins.TypeError
7,912,flip,0f4f38a28fe41721e069fede1291af1b884afb1538778a0a723459e17721bfb5,ESCAPED builtins.TypeError
7,1026,flip,69dfd4fbfce03a0991749a4b6d73d0e4dcbe3270575e9ac1930400d5ca88e7c9,ESCAPED builtins.TypeError
7,1056,flip,9349e3e38ca88a1339fe1dbd0546212d78d60b8d5d8ea3b1daf4f431b09b2c33,ESCAPED builtins.TypeError
7,1205,splice,77a71102c8bd4b6f7b459278f0190af72fc88f9e8e591cc3136e286cb2a5a593,ESCAPED builtins.TypeError
7,1449,flip,6b4f1bfc7fe21e8477da8b8cb0746f9bca3fcd59dbbee67b666e263f7a20cf57,ESCAPED builtins.TypeError
7,1473,flip,9e91ea4ae56dc2b396cc9eb6e42dd25c18de9cb463158c34e622d57a5ac6d2a1,ESCAPED builtins.TypeError
7,1529,splice,c21d08cff22e89ba87d6a78467cab2950bfb3263e0fc206d4b267807d58ef8e7,ESCAPED builtins.TypeError
7,1752,flip,f0611615920bb26fe398f9e11e96ea6bb2059442376e27a31407396fa1399951,ESCAPED builtins.TypeError
7,1994,splice,f0f40ce8a5f60c2ef51f499a9b83a230bf178bb52054d5c87c919511a556c556,ESCAPED builtins.TypeError
7,1998,flip,fb239228d4f895410d6a5130eb03d1980693c912cb7fcd33e2271bb4361daf54,ESCAPED builtins.TypeError
7,2103,flip,e6a2393cb8797c85ab9b411654c9d434ad468282d17ed7e2db927aed10ee8550,ESCAPED builtins.TypeError
7,2208,flip,e2fec0ac7a7271d897e95e907fba4040c4d6c777492108e6a90aaa8a4af8598f,ESCAPED builtins.TypeError
7,2217,flip,a7e08c6abb0b5db851e444f9626eae19381ebd5d588c18b2fa95f0f65a43281b,ESCAPED builtins.TypeError
7,2370,flip,2cc3493c8f4047a0f55c76644e8203779ccb5a7b9192e9903a5f1a4a4eb91478,ESCAPED builtins.TypeError
7,2574,flip,d3c168351cdcc474bf3c8ab16da75ffe702e8c2af798f0b6cbdbd0feb35eeb7f,ESCAPED builtins.TypeError
7,2613,flip,12ef4d9624cfe7ed2bcf0864c24847a2b3c0efe0dd88213313593284f1361b83,ESCAPED builtins.TypeError
7,2850,flip,1832ba8f3bca25102a11683b353ce6db38f5a71e8bc5c6fadca23c8d6ceff606,ESCAPED builtins.TypeError
7,2859,flip,5fe795713ace6bdf1b3d83b64959b055642bc042ff916595acde3f750f4898e8,ESCAPED builtins.TypeError
7,3162,flip,1408605705ef55f93cc1d46b6ea49e65ae50b7a34522fbfc326cbf27b7c154d4,ESCAPED builtins.TypeError
7,3180,flip,ec8aec85f1b81450f850d8763c52e033620456881689ccc11cf5de4cafe22883,ESCAPED builtins.IndexError
7,3437,splice,643d91417b3cfa615e829b5c59aee28b500fd21bd454e1d1a5f0c28508144b51,ESCAPED builtins.TypeError
7,4005,flip,116f286624ea2539e983923c4dc000bd8835853e8df03277787b5a082e3c0639,ESCAPED builtins.TypeError
7,4146,flip,12ba13a8d559b1a803f518c28f897d88e8c52ef230c9e24952946b03ab937d38,ESCAPED builtins.TypeError
7,4266,flip,db6b4839182b35429d757173aac76977e9cdaea9c199d88ab40a68b32e9d4b64,ESCAPED builtins.TypeError
7,4335,flip,325b1306ea8d483164c27f913aec13bfd0202d9b17ea51b54d4206183727bc03,ESCAPED builtins.TypeError
7,4473,flip,084f9d4a8b494d2f205796da1d8430efb5987a33c361759135f75d1d9e3af4c9,ESCAPED builtins.TypeError
7,4532,splice,ce2f126a69bcdc7c9cb7cdbfa9b9afcc44fe7b15ca519dd066ca0c7bdc44cc7f,ESCAPED builtins.TypeError
7,4583,splice,aeb5b50b6be47fc424c0a7624ea05c5d9e21841d27ecbf77d5866c644f9c8254,ESCAPED builtins.TypeError
7,4731,flip,868f6457da3c9b43355259d2464b1071167364b8e0d14f2b1320ecb529cddcb0,ESCAPED builtins.TypeError
7,4815,flip,56a66da4ed428e96cdb51474051988e6166e6e47452f5f928b3f20296b561b0b,ESCAPED builtins.TypeError
7,5067,flip,c12509902611048a3ebf7329ac98e32380040993b9d46bda1bd7eec31745e529,ESCAPED builtins.TypeError
7,5142,flip,7a7f2909c0c5628b39958ff66bfa6a797c0913935eff43448290d40ede8a3d14,ESCAPED builtins.TypeError
7,5202,flip,f65a1b0e09856e30b590009acc90518290ec4035d8fdc6f82a68e9e57733aab6,ESCAPED builtins.TypeError
7,5553,flip,768214b233710d845d977eadcdb62168a5ee8c899389312a8c6fdf1f2d3d1b49,ESCAPED builtins.TypeError
7,5595,flip,75dffcd612b8f0b9293c0fcca90cc18e522ffa7cf17701f923b6f8a46b3e7042,ESCAPED builtins.TypeError
7,5739,flip,dd5c7c8598f548cc711daa6269fdfb81db27bee32d7a4f2e0ee2d4456a5cc542,ESCAPED builtins.TypeError
